0,1,2,3,4,5,_home_jovyan_project_sudoKey_alignment-handbook_save_v4-llama3-medical-dpo-lora-attn-mlp-20epochs-1e-5_checkpoint-60_correct,_home_jovyan_project_sudoKey_alignment-handbook_save_v4-llama3-medical-dpo-lora-attn-mlp-20epochs-1e-5_checkpoint-60_choiceA_probs,_home_jovyan_project_sudoKey_alignment-handbook_save_v4-llama3-medical-dpo-lora-attn-mlp-20epochs-1e-5_checkpoint-60_choiceB_probs,_home_jovyan_project_sudoKey_alignment-handbook_save_v4-llama3-medical-dpo-lora-attn-mlp-20epochs-1e-5_checkpoint-60_choiceC_probs,_home_jovyan_project_sudoKey_alignment-handbook_save_v4-llama3-medical-dpo-lora-attn-mlp-20epochs-1e-5_checkpoint-60_choiceD_probs
What size of cannula would you use in a patient who needed a rapid blood transfusion (as of 2020 medical knowledge)?,18 gauge.,20 gauge.,22 gauge.,24 gauge.,A,True,0.6824326,0.2081302,0.03972234,0.069714874
The key attribute in successful marathon running is:,strength.,power.,stride length.,stamina.,D,True,0.00016860636,0.000121442616,0.00015351785,0.99955636
Which of the following is the commonest cause of dementia in the UK?,Alzheimer's disease.,Cerebrovascular (stroke) disease.,Lewy body dementia.,HIV infection.,A,True,0.9991737,0.00039804255,0.00040431082,2.3997873e-05
Which of the following is NOT a symptom of anaphylaxis?,Stridor.,Bradycardia.,Severe wheeze.,Rash.,B,True,0.022722647,0.9364649,0.024188131,0.016624242
In what situation are closed pouches applied?,The patient has a semi-formed or liquid output.,The patient has a colostomy.,In the immediate post-operative period.,The patient has a urostomy.,B,False,0.47661456,0.21149643,0.1753367,0.13655236
With an increasing number of sprints the:,anaerobic contribution progressively increases.,pH of the muscle falls below 6.0.,blood glucose concentration falls below 3 mmol/L.,relative contribution of aerobic metabolism increases.,D,False,0.80227274,0.013803865,0.010419704,0.17350365
Which of the following is true in diplopia?,Diplopia can never occur if one eye is covered,The outer image is always the false image,A fourth nerve palsy occurs when the patient looks upwards,A sixth nerve palsy causes a divergent squint,B,True,0.088159524,0.67209387,0.047188397,0.19255812
Sodium bicarbonate ingestion improves middle distance running performance by:,elevating the pH and buffering capacity of the extracellular fluid allowing a faster efflux of hydrogen ions from muscle.,reducing the pH and buffering capacity of the extracellular fluid allowing a faster efflux of hydrogen ions from muscle.,elevating the pH and buffering capacity of the extracellular fluid allowing a faster influx of hydrogen ions into muscle.,elevating the pre-exercise muscle pH.,A,True,0.99701834,0.00061999535,0.00097538956,0.001386308
Codons are composed of:,triplet sequences of nucleotide bases in mRNA or DNA .,quadruplet sequences of nucleotide bases in mRNA or DNA.,triplet sequences of amino acids in polypeptide chains.,triplet sequences of deoxyribose sugars in DNA.,A,True,0.99982685,4.005836e-05,9.4605195e-05,3.8523747e-05
Fatty acids are transported into the mitochondria bound to:,thiokinase.,coenzyme A (CoA).,acetyl-CoA.,carnitine.,D,True,0.00017391852,0.0001312806,0.00036818552,0.9993266
Which of the answers below best indicates the compatible blood types that can be given to a person with a blood group B (rhesus negative)?,"Blood type AB (rhesus negative), blood type B, and blood type O (rhesus negative).",Blood type B (rhesus positive) and blood type O (rhesus positive).,Blood type B (rhesus negative) and blood type O (rhesus negative).,Blood type B (rhesus negative) only.,C,True,0.032783173,0.003455321,0.95806473,0.0056968615
Which of the following is true of a lower motor neurone lesion in the arm?,It leads to increased tone in the arm (hypertonia),Fasciculations are never seen,The reflexes are brisk,An ulna nerve palsy is an example of a lower motor neurone lesion,D,True,0.012481485,0.0045916815,0.021905689,0.96102107
Which of the following statements is false?,Ammonia is produced in repeated high intensity exercise.,Muscle lactate accumulation does not begin until at least 5 seconds of intermittent muscle contractions have taken place.,Muscle phosphocreatine depletion begins in the first few seconds of high intensity exercise.,With an increasing number of repeated sprints the rate of accumulation of lactate in muscle declines.,B,False,0.015493684,0.019282203,0.006663751,0.95856035
Glycogen breakdown in muscle initially results in the formation of:,glucose.,glucose-1-phosphate.,glucose-6-phosphate.,"glucose-1,6-diphosphate.",B,False,0.092973694,0.105353,0.48714733,0.31452596
The two principal contractile proteins found in skeletal muscle are:,actin and troponin.,actin and myosin.,troponin and tropomyosin.,myosin and tropomyosin.,B,True,2.8631144e-05,0.99992204,3.507961e-05,1.42846075e-05
Which one of the following represents a IIIrd cranial nerve palsy and is a neurosurgical emergency?,Unilateral constricted pupil.,Bilateral constricted pupils.,Unilateral fixed dilated pupil.,Oval shaped pupils.,C,True,0.041988663,0.0014823811,0.95565754,0.00087144686
Which of the following is true about a thyroid swelling?,It always elevates on swallowing,Lymph node enlargement is a good prognostic sign,An ultrasound of the swelling is the best test to determine whether the nodule is actively secreting hormone,A functioning nodule on isotope scanning is unlikely to be due to cancer,D,True,0.00848948,0.0022849124,0.0079751285,0.98125046
Which of the following is true of hepatomegaly?,Emphysema is a cause,The liver enlarges downwards from the left hypochondrium,"The presence of jaundice, spider naevi and purpura suggest alcohol as a cause",The liver is usually resonant to percussion,C,False,0.012874619,0.35345557,0.050920103,0.5827497
Which of the following is true regarding reflexes?,A positive babinski reflex is the same as a normal flexor response in the assessment of the plantar reflex,An extensor plantar response indicates a lower motor neurone lesion,The root value of the ankle reflex is S1,"The root value of the knee reflex is L1, L2",C,False,0.015211189,0.6268964,0.24549614,0.11239632
Which of the following is true of facial nerve palsy?,Bells palsy is another term for an upper motor neurone lesion,Ramsay Hunt Syndrome is an upper motor neurone lesion secondary to a Herpes Zoster infection,An inability to close the eyelid on the paralysed side indicates a lower motor neurone lesion,In Bell's Palsy the sense of taste is never affected,C,True,0.0012588031,0.0013610905,0.97888213,0.018497976
What is a colles fracture?,Hand fracture.,Elbow fracture.,Finger fracture.,Fracture of the radius and ulna at the wrist.,D,True,0.0016983377,0.00093791116,0.0004642997,0.9968995
"If a transfusion reaction is suspected, you should:","turn off the transfusion, inform medical staff immediately, and follow transfusion policy advice on dealing with acute transfusion reactions.",leave the transfusion running and contact the medical staff immediately.,disconnect and dispose of the blood bag immediately.,leave the transfusion running and record a set of observations on the patient.,A,True,0.99984896,5.390561e-05,6.807656e-05,2.9079894e-05
"Once a prescribed unit of blood product has been obtained from the blood bank and is out of refrigeration, the transfusion should commence within what period of time before it starts to deteriorate (as of 2020 medical knowledge)?",30 minutes.,90 minutes.,4 hours.,12 hours.,A,False,0.2292588,0.42831182,0.29437414,0.048055254
Which of the following statements is true about informal carers (as of 2020)?,50% of over 65s are providing informal care.,One in six over 65s is providing some form of informal care.,Informal carers should not be included in discharge planning.,The majority of informal carers are fit and active.,B,True,0.0005975849,0.9992611,7.538316e-05,6.587891e-05
Which of the following processes is not used to modify protein structure after translation has occurred?,Lipidation.,Attachment of more amino acids via peptide bonds.,Glycosylation.,Phosphorylation.,B,True,0.002627109,0.9956382,0.00060479477,0.0011299055
Why would you need to carry out a bladder washout for a patient at home?,When their urine is clear.,When the catheter is blocked.,When the catheter is bypassing.,When the catheter is dirty.,B,False,0.010444309,0.3149164,0.21643865,0.45820063
A 14-16 gauge needle is most likely to be used for:,children.,elderly patients.,inserting in the back of the hand.,trauma or burns patients.,D,False,0.13493091,0.11907611,0.6641532,0.08183973
Which of these features suggest that a crackling sound is more likely due to a pleural friction rub than crackles?,More prominent in expiration,Alters with coughing,No pain over the area,Clubbing,A,True,0.45584074,0.18417631,0.2943129,0.06567009
In games like soccer the blood lactate concentration:,rarely increases above 3 mM.,is usually lower at the end of the game than at the end of the first half.,is usually higher at the end of the game than at the end of the first half.,increases throughout the course of the game as the players become more fatigued.,B,False,0.027225906,0.0057068598,0.51371515,0.45335203
Lactate and hydrogen ions leave the muscle:,via a cotransport mechanism with carnosine.,via an active transport mechanism.,via a protein transporter molecule.,by simple diffusion.,C,False,0.005378044,0.00082474976,0.0004554701,0.99334174
Which of the following is true of the spine?,Back pain is an uncommon complaint,Schober's test is designed to quantify the flexion of the lumbar spine,Ankylosing spondylitis is a cause of hypermobility of the spine,Pregnancy is a cause of loss of lordosis of the lumbar spine,B,True,0.006015489,0.8789365,0.010074049,0.104974
Which of the following is true of psoriatic arthropathy?,The absence of plaques of psoriasis excludes the diagnosis,The diagnosis can be confirmed by a blood marker,Tophi can sometimes be seen over affected joints,Nail pitting may give a clue to the diagnosis,D,True,0.0032225766,0.0009828304,0.014442586,0.98135203
Which of the following is true of Graves Disease of the thyroid?,It is a cause of ophthalmoplegia,It causes a large multi-nodular goitre,It is commoner in males than females,"In the past, Grave's disease sometimes caused 'Derbyshire Neck'",A,False,0.16347168,0.004936417,0.0014143072,0.83017766
Which of the following is true of calcium metabolism?,Calcitonin causes a rise in plasma calcium,Primary hyperparathyroidism is usually asymptomatic,Vitamin D is secreted by the parathyroid glands,Oliguria is a symptom of hypercalcaemia,B,False,0.003057488,0.031859756,0.0044486187,0.9606342
Kinase reactions:,inhibit ATP breakdown.,involve the addition or removal of a phosphate group.,involve the addition or removal of a ketone group.,involve the addition or removal of an amino acid to a polypeptide chain.,B,True,9.837229e-05,0.9998111,3.2313266e-05,5.828365e-05
The normal respiratory rate for an adult male is:,10-12 breaths per minute.,8-10 breaths per minute.,20-22 breaths per minute.,14-16 breaths per minute.,D,False,0.26237306,0.7132039,0.0065683806,0.01785471
Collagen fibres:,are re-established in the first five days of wound healing.,provide a bridge across the surface of a wound.,take some time to re-establish.,are not needed if a wound is healing by primary intention.,C,True,0.09790101,0.09488891,0.77005106,0.03715903
Which of the following releases most energy when completely oxidised in the body?,One gram of glucose,One gram of palmitic acid,One gram of leucine,One gram of alcohol,B,True,0.27877876,0.66875553,0.020194668,0.032270987
Embedded in the inner membrane of the mitochondrion are:,the enzymes of the tricarboxylic acid cycle (Krebs' cycle).,the components of the electron transport chain.,glycogen molecules.,triacylglycerol molecules.,B,True,0.010642867,0.98845184,0.00054669724,0.0003585328
"If the mean rate of oxygen consumption of a male athlete during a training session is 2 l/min, then his rate of energy expenditure is approximately:",400 kJ/min.,200 kJ/min.,80 kJ/min.,40 kJ/min.,D,False,0.76405203,0.091253005,0.04447316,0.10022181
A normal heart rate for an adult at rest is:,60-80 bpm.,60-100 bpm.,60-90 bpm.,60-110 bpm.,B,True,0.13938092,0.6246619,0.2158774,0.020079726
Which of the following statements is false?,Phosphofructokinase is the rate limiting enzyme in glycolysis.,Phosphorylase activity is higher in Type II fibres than in Type I fibres.,Endurance training increases the amount of TCA cycle enzymes in muscle.,Oxygen is consumed in the TCA cycle.,D,False,0.12391845,0.55536395,0.20430699,0.116410606
Which of the following is true in ulna nerve palsy?,The ulna nerve can be affected by a fracture of the spiral groove of the humerus,It gives rise to a positive phalen's sign,It leads to loss of sensation over the medial half of the hand and medial one and a half digits on both palmar and dorsal aspects of the hand,It supplies the biceps muscles,C,True,0.13887978,0.005914214,0.85074174,0.004464283
How much toothpaste is recommended for cleaning teeth?,A smear.,A pea-sized amount.,The length of the toothbrush.,Half an inch.,B,True,0.004467665,0.9953714,9.399984e-05,6.691675e-05
Which of the following is true about Cushing's Syndrome?,It is due to a deficiency of cortisol hormone,Enlarged extremities are commonly seen,Osteoporosis is not a feature,A moon face and a buffalo hump are characteristic of the disease,D,True,0.00019708964,0.00031006552,9.456464e-05,0.99939823
The main factors determining success in sport are:,a high energy diet and large appetite.,high intelligence and motivation to succeed.,a good coach and the motivation to succeed.,innate ability and the capacity to respond to the training stimulus.,D,True,0.0006660224,0.00024121732,0.0007786591,0.99831414
"In a double stranded molecule of DNA, the ratio of purines : pyrimidines is:",variable.,determined by the base sequence in RNA.,genetically determined.,always 1:1.,D,True,0.01164609,0.000756234,0.002766189,0.98483145
Performance enhancing synthetic steroids are based on the structure of the hormone:,testosterone.,cortisol.,progesterone.,aldosterone.,A,True,0.99936026,0.00015051902,0.00021560852,0.00027362147
Glycogen breakdown in exercising muscle is activated by:,insulin.,cortisol.,increased pH.,none of the above.,D,True,0.016363248,0.01160328,0.021010827,0.9510226
Most of the free fatty acids are transported in the blood:,inside the red blood cells.,as lipoproteins.,combined with glucose.,bound to albumin.,D,True,0.00010551388,0.00018518261,0.00012727402,0.999582
How often should a cannula be flushed?,Every 4 hours.,Every 8 hours.,Every 12 hours.,Every 16 hours.,C,False,0.7681261,0.19421269,0.020152511,0.017508805
The activity of creatine kinase is:,increased when intracellular ADP rises.,increased when muscle pH falls below 6.9.,always lower in Type II fibres than Type I fibres.,increased after a period of endurance training.,A,True,0.7394496,0.009603774,0.0108825015,0.24006414
The smallest increments on a mercury and aneroid sphygmomanometer measure are:,10 mmHg.,4 mmHg.,2 mmHg.,1 mmHg.,C,False,0.008807151,0.007772283,0.027127936,0.9562927
Which of the following is not an abnormal breathing pattern seen in head injury and altered conscious level?,Cheyne-Stokes respiration.,Anaerobic respiration.,Hyperventilation.,Ataxic breathing.,B,True,0.00034044022,0.99910444,0.000163345,0.0003918443
During CPR chest compressions and ventilations should be delivered in a ratio of:,2:25,15:02,1:05,30:02:00,D,False,0.118994884,0.6234886,0.17313653,0.08438001
A person weighs 62 kg. Their drug dose is 15 mg/kg. How many grams is their dose? Choose one answer from the following:,930,93,9.3,0.93,D,False,0.1861306,0.47530115,0.3266694,0.011898931
An expected side effect of creatine supplementation is:,muscle weakness.,gain in body mass.,muscle cramps.,loss of electrolytes.,B,True,0.016251467,0.97450846,0.0046561235,0.0045839367
The cardiac cycle consists of the phases:,"systole, diastole, and rest.","contraction, relaxation, and rest.",diastole and systole.,"diastole, systole, and contraction.",C,False,0.03368702,0.38552758,0.053831708,0.5269537
Which of the following factors does not influence success in sport?,Ability to tolerate heavy training without succumbing to illness or injury.,Tactics.,The diet.,Ingestion of carnitine during exercise.,D,True,0.0067751985,0.0122683,0.00636471,0.9745918
The chain of survival has four links. Put the following list in the correct order: 1. Early defibrillation; 2. Early CPR; 3. Recognition and call for help early; 4. Post-resuscitation care.,"3, 1, 2, 4.","3, 2, 1, 4.","1, 2, 3, 4.","2, 1, 3, 4.",B,True,0.24721283,0.28012884,0.28012884,0.19252954
A fundamental cause of fatigue in high intensity exercise is:,a fall in the cell concentration of ADP.,inhibition of ATP production.,failure of the ATP supply to match the demand.,lack of skill.,C,True,0.008022889,0.004716413,0.9871269,0.00013379435
Which of the following is true about possible rectal findings?,The finding of a palpable median groove in the prostate is an adverse finding,Impacted faeces can sometimes be mistaken for a rectal tumour,A thrombosed haemorrhoid is painless,Peri-anal warts can only be demonstrated on proctoscopy,B,True,0.001385934,0.9967493,0.0014077593,0.00045703253
What commonly causes skin excoriation?,A well-fitting pouch.,Changing the pouch every day.,Leakage of effluent onto peristomal skin.,The use of unscented soap to cleanse the skin.,C,True,0.0017524757,0.0003910302,0.99702865,0.0008278109
Which of the following is true of Systemic Sclerosis?,It affects males more than females,If telangiectasia are seen this clinches the diagnosis,Arachnodactyly is a feature of the disease,Patients have a beaked shaped nose and waxy skin,D,True,0.00014184738,0.00038558117,0.00085544924,0.9986172
A palpable left parasternal impulse suggests which abnormality?,Right ventricular hypertrophy,Aortic stenosis,Aortic regurgitation,Left ventricular hypertrophy,A,True,0.97751015,0.005633657,0.005996996,0.010859157
"In hypovolaemic shock, what percentage of blood can be lost before it is reflected in changes in heart rate and blood pressure?",5%,10%,20%,30%,D,False,0.37316626,0.27301428,0.25647318,0.09734624
Which of the following best describes the effects of morphine?,Reduces pain intensity and increases alertness.,Reduces pain intensity but also causes sedation.,Reduces pain intensity but also causes diarrhoea.,Reduces pain intensity but also causes insomnia.,B,True,0.0012728557,0.95935667,0.038379095,0.0009913009
Which of the following is true of headache?,When associated with neck stiffness is always due to meningitis,Severe pain usually indicates a life threatening cause,Temporal arteritis is strongly associated with rheumatoid arthritis,Tension headaches is a common cause of headache,D,True,3.168228e-05,0.00011588896,0.00023047271,0.999622
Between contractions of the left ventricle the blood continues to flow through the vessels because:,the atria are contracting.,the vessels are contracted.,the right ventricle is relaxed.,the arteries have elastic recoil.,D,True,0.0018645162,0.00042923598,0.0012038221,0.9965024
What might make the nurse think a patient could not use an inhaler?,Severe leg ulcers.,Previous recovery from an acute exacerbation of asthma.,Forthcoming surgery.,"Poor technique, physical impairment, or lack of understanding.",D,True,0.0051144534,0.0026951276,0.0021996992,0.9899907
Removal of adhesive strips:,can be carried out by the patient.,should be undertaken under aseptic conditions.,is a specialist skill.,should not be undertaken until at least seven days after application.,A,False,0.31522948,0.2961307,0.008400582,0.38023934
"During CPR, chest compressions should be delivered at a rate of:",80/minute.,as fast as possible.,100/minute.,varies with each patient.,C,True,0.3070612,0.14964966,0.53890914,0.0043799924
Which of the following physiological characteristics is not important for success in endurance events such as the marathon race?,The ability to regulate body temperature.,The ability to supply oxygen to the exercising muscles.,The availability of body stores of carbohydrate.,Muscle ATP and phosphocreatine content.,D,False,0.97681147,0.0089961225,0.0022745759,0.011917925
"When using an inhaler, when should a patient be asked to rinse their mouth?",Before using their bronchodilator inhaler.,After using their bronchodilator inhaler.,Before using their steroid inhaler.,After using their steroid inhaler.,D,False,0.30967557,0.6555832,0.008514539,0.026226627
Muscle lactate production increases when:,oxygen is readily available.,pyruvate cannot be formed from glucose breakdown.,the pH of the muscle falls.,glycolysis is activated at the onset of exercise.,D,True,0.0028794908,0.0013183269,0.0021735537,0.99362856
What is the minimum time a stretch should be held for?,0-10 seconds.,10-30 seconds.,30-50 seconds.,60 seconds.,B,True,0.012695872,0.78546584,0.15466739,0.04717089
What three factors regulate stroke volume?,"Blood volume, preload, and afterload.","Preload, contractility, and afterload.","Contractility, blood volume, and blood pressure.","Cardiac output, contractility, and blood volume.",B,True,0.0008287641,0.9981767,0.0008287641,0.00016576325
Name the bones of the middle finger in the correct order from the hand.,"Proximal phalynx, middle phalynx, distal phalynx.","Distal phalynx, middle phalynx, proximal phalynx.","Middle phalynx, distal phalynx, proximal phalynx.","Distal phalynx, proximal phalynx, middle phalynx.",A,True,0.9009534,0.02807006,0.034933753,0.03604267
Which of the following promotes glucose and amino acid uptake by muscle?,Adrenaline,Insulin,Glycogen,Cortisol,B,True,0.0004728067,0.99942625,7.839903e-05,2.2615772e-05
An ileostomy opening should be:,flush with the skin.,3-5cm in length.,below skin level.,over 5cm in length.,B,True,0.43070215,0.48804948,0.06401816,0.017230254
Which of the following would not be done before catheterizing?,Gain patient consent.,Patient to be washed.,Expiry dates to be checked.,Ring patient's next of kin.,D,True,0.019558374,0.02434079,0.04271942,0.9133814
Hydrogen ions are formed when:,glycogen becomes depleted.,phosphocreatine breakdown occurs.,pyruvate is converted to lactate.,glycolysis is being used as a major means of resynthesising ATP.,D,False,0.008235861,0.0051538697,0.95193607,0.03467427
Which one of the following manoeuvres is not a central painful stimulus?,Supra-orbital ridge pressure.,Pressure on the little finger pulp.,Trapezius squeeze.,Sternal rub.,B,True,0.051072326,0.66231596,0.14778267,0.13882896
"Dopamine is prescribed at a rate of 4 micrograms/kg/min. For a 65 kg person, how many milligrams will they receive in an hour?",156,15.6,1.56,15600,B,False,0.35949624,0.3172543,0.3172543,0.0059951674
Which of the following is true about the rectal examination?,If the patient refuses a chaperone the doctor can overrule them,The rectal examination is of no value in a neurological examination,The optimum position of the patient is on their right side with their knees extended,The rectal examination is indicated for the assessment of some gastrointestinal disorders,D,True,0.001475331,0.00026867774,0.0014985641,0.99675745
Why can't a patient talk if the cuff is inflated?,They are unable to breathe in sufficiently.,They are unable to swallow properly.,It is too tiring.,They are unable to pass air through their vocal cords.,D,True,0.00075506885,0.00017656408,0.00026922807,0.9987991
Wound drainage should be assessed for volume and consistency:,each time post-operative observations are undertaken.,daily.,every hour.,only when the wound dressing is changed.,A,True,0.4494651,0.39665154,0.021021763,0.13286163
Creatine is synthesized from:,amino acids in the muscles.,amino acids in the liver.,amino acids in the kidneys.,creatinine in the kidneys.,B,False,0.7997359,0.1784452,0.018229326,0.0035895668
"If a catheter resists all attempts to unblock it and you are unable to remove it, what should you do?",Try harder to remove it.,Try harder to unblock it.,Leave it until next time.,Call for assistance from a medical practitioner.,D,True,0.0013631575,0.0024683597,0.00036120077,0.9958073
Bladder washout solution should be:,warm.,cold.,refrigerated.,room temperature.,D,True,0.32403094,0.06583087,0.0047687725,0.60536945
"When developing a plan of care relating to the management of a person's pain, attention should be given to the following needs:",physical and pharmacological needs only.,physical and psychological needs only.,"physical, psychological, and pharmacological needs followed by regular reassessment.","none of the above, as the main priority is to limit drug side effects.",C,True,0.0014989277,0.001167366,0.99699926,0.00033445598
Patients with the apolipoprotein E gene are at risk of which disease?,Cystic fibrosis.,Huntington's dementia.,Alzheimer's disease.,Depression.,C,True,0.00060650613,0.0009104736,0.9984555,2.749392e-05
Which of the following groups of drugs may cause a dry mouth?,Steroids.,Analgesics.,Antidepressants.,Antifungal agents.,C,True,0.0070471717,0.006219107,0.9825256,0.0042080586
Which of the following is not a true statement?,Muscle glycogen is broken down enzymatically to glucose-1-phosphate,Elite endurance runners have a high proportion of Type I fibres in their leg muscles,Liver glycogen is important in the maintenance of the blood glucose concentration,Insulin promotes glucose uptake by all tissues in the body,D,True,0.03162746,0.010593873,0.0041486206,0.9536301
"If a patient is cyanosed, what might their oxygen saturation level be?",98% or above.,94% or above.,80% or below.,85% or above.,C,True,0.00016339494,0.00022333441,0.9994099,0.0002033483
When assessing a patient's breathing:,always remove dentures.,look for chest movements and use a mirror to check for exhaled air.,"look for chest movements, listen for breath sounds, and feel for exhaled air on your cheek.",assess for 30 seconds.,C,True,0.010255068,0.0060286433,0.98266864,0.001047621
A person is prescribed Ropinirole 1.5 mg divided into three doses. How many micrograms is each dose? Choose one answer from the following:,5,50,0.5,500,D,False,0.062354993,0.14958186,0.7837529,0.004310133
Which of the following is thought to be implicated in the development of peripheral muscle fatigue during multiple sprint activities?,An accumulation of inorganic phosphate.,Development of hyperosmolality in the muscles.,An excess of antioxidants.,A lack of potassium.,A,True,0.9986865,0.00051084755,0.00016186768,0.0006407463
The ATP store in muscle can only supply energy in high intensity exercise for about:,2 milliseconds.,2 seconds.,10 seconds.,20 seconds.,B,False,0.051727362,0.10950683,0.24677745,0.5919883
960 mg of the antibacterial drug Cotrimoxazole is prescribed every 12 hours. What is the daily dose in grams? Choose one answer from the following:,0.192,1.92,1920,0.96,B,True,0.03024022,0.88374877,0.0063386946,0.079672374
Which of the following is true of hypothyroidism?,Weight loss,Pre-tibial myxoedema,A raised TSH level,An aversion to warm places,C,True,0.005165184,0.005672845,0.9843098,0.004852241
What is hypochlorhydria?,Increased amount of gastric acid.,Gastric ulceration.,Reduced amount of gastric acid.,Pernicious anaemia.,C,True,0.00026945863,4.9072063e-05,0.9996544,2.7100166e-05
"A 67-year-old man, three hours post-transurethral resection of prostate with irrigation, has a blocked catheter. Which solution should be used to complete bladder washout?",Solution R.,Normal saline.,Solution G.,Any of the above.,B,False,0.42212802,0.37252668,0.124780804,0.08056454
A keloid is:,evidence of infection.,a firm mass of scar tissue.,"a fine, hairline scar.",formed if a wound drain is removed too soon.,B,True,0.00027797435,0.9995184,6.0587663e-05,0.00014308892
Which of the following is not an amino acid?,Glutamic acid,Aspartic acid,Glutamine,Palmitic acid,D,True,1.0613669e-05,0.00012337982,0.00010888231,0.9997571
Wound drainage is described as serous if:,it contains red blood cells.,it is thick and yellow or green.,it contains microorganisms.,it is clear or slightly yellow.,D,True,0.001646505,0.00066524814,0.0005345419,0.99715364
The sex of a child is dictated by the inheritance of:,the number of X chromosomes from the mother.,a recessive allele on the X chromosome.,a single Y chromosome from the mother.,a single Y chromosome from the father.,D,True,0.007328993,0.0014431643,0.00084839255,0.99037945
Which of the following is true in spastic paraplegia?,Multiple Sclerosis can cause this neurological pattern,Proprioceptive loss is a common feature,Coordination in the legs is affected,The tone is normal or flaccid,A,True,0.63628805,0.2736641,0.03942505,0.05062276
"The synthesis of glucose from lactate, glycerol, or amino acids is called:",glycogenolysis.,glycolysis.,lipolysis.,gluconeogenesis.,D,True,1.819928e-05,1.7639348e-05,3.0240875e-05,0.99993396
"If a blood unit has been out of refrigeration for longer than the accepted time limit, you should:",transfuse it as soon as possible and annotate the patient's notes with the time of administration.,"dispose of the contents in the sluice area, keeping the bag for record purposes.",return it to the blood bank and inform them of why you have done so.,refrigerate for a minimum of 12 hours and then administer it.,C,True,0.020177433,0.026730757,0.9422916,0.010800201
The auscultatory gap is:,when you can no longer hear the Korotkoff sounds because the bladder is equal with the diastolic pressure.,when the Korotkoff sounds can be heard between systolic and diastolic phases.,when the Korotkoff sounds disappear then return during phase 2 as the bladder is deflated.,When the Korotkoff sounds do not disappear when the cuff is fully deflated.,C,False,0.8202613,0.12978418,0.015023611,0.034930937
How many different types of microorganisms may colonize the mouth?,35,100,350,500,C,False,0.1323758,0.5932672,0.12435556,0.15000144
Why should shampoo not be used for washing the skin when showering or bathing?,It is more slippery than soap or emollients.,It will not produce sufficient lather.,It is not cost-effective.,It can cause dryness of the skin.,D,True,0.05014187,0.0027417776,0.0010086435,0.9461077
Which of the following is the same strength as Adrenaline 1 in 1000? Choose one answer from the following:,1 mg/mL,1 mg/L,1 g/mL,100 micrograms/mL,A,False,0.2572158,0.3515723,0.016965222,0.37424678
An allele that is masked is referred to as:,recessive.,redundant.,repressed.,reclusive.,A,True,0.99200785,0.0021700084,0.0053708223,0.00045131875
Hypernatraemic dehydration is:,water intake is less than is needed to maintain balance.,water intake is more than is needed to maintain balance.,blood volume is lost due to trauma or burns.,blood volume is lost due to surgery.,A,False,0.20629351,0.7908038,0.0021528658,0.0007498459
Which of the following is not associated with an increase in the work of breathing?,Rise in respiratory rate.,Noisy breathing.,Increase in the use of accessory muscles.,A respiratory rate of 16 breaths per minute.,D,True,0.00057868584,0.0005106884,0.00053519686,0.9983754
Which of the following can act as an intracellular buffer to limit pH changes when the rate of glycolysis is high?,Glutamine,Glucose,Carnosine,Amylase,C,True,0.0014093529,0.0006061551,0.9978776,0.00010699273
Which of the following is true about Addisons Disease?,It is due to a deficiency of prolactin hormone,Leads to generalized pigmentation,It is a recognized cause of hypertension,Diabetes is a complication,B,True,0.005459471,0.9472868,0.036730293,0.010523406
Which of the following are indicative signs and symptoms of circulatory overload?,"Hypothermia, hypotension, and bradycardia.","Hypotension, oliguria, and uticaria.","Shivering, pyrexia, and thirst.","Dyspnoea, tachycardia, and distended neck veins.",D,True,0.0040344526,0.0082781585,0.0004894346,0.98719794
What is the most likely cause of acute urinary retention of urine?,Haematuria.,Bladder outflow obstruction.,Drinking alcohol.,Kidney stones.,B,True,0.00082857336,0.9979469,0.0009100098,0.00031449096
Which of the following tools is the first choice for cleaning the mouth?,"Small, soft toothbrush.",Gloved finger wrapped in gauze.,Forceps wrapped in gauze.,Foam stick.,A,True,0.9713705,0.00922999,0.0026860803,0.016713353
Which of the following drugs may be used to enhance gastric motility?,Adrenaline.,Ditropan.,Erythromycin.,Carbemazepine.,C,True,0.0022298072,0.009387839,0.98798263,0.00039978238
The creatine kinase reaction is:,irreversible.,slow compared with glycolysis.,not activated until all the ATP has been used up.,inhibited by low pH in the muscle.,D,True,0.17955759,0.14427859,0.29604045,0.38012344
Where should a stoma be sited?,The rectus sheath abdominus.,Next to the umbilicus.,Within an abdominal crease.,In close proximity to the incision site.,A,False,0.0477101,0.036013473,0.79444444,0.121832006
Women's world record performances have improved rapidly in recent years mainly because:,women have evolved a greater muscle mass.,women can now run faster than men.,women have started training at an earlier age.,more women are now engaged in sport.,D,True,0.0005695505,0.00027757676,0.0010640605,0.9980888
Our genetic material is made up of:,deoxyribonucleic acid.,ribonucleic acid.,dinitronucleic acid.,protein.,A,True,0.9998957,4.399853e-05,4.9856866e-05,1.0450567e-05
Insensible loss does not come from:,pyrexia.,using unhumidified oxygen.,excessive weight loss.,diarrhoea.,C,False,0.15357302,0.112356424,0.16347763,0.570593
"Exhaustion, confusion, and unresponsiveness can be indicators of:",respiratory failure.,being generally unwell.,renal failure.,cardiac failure.,A,True,0.8639523,0.0060060513,0.013118422,0.11692323
"Pairs of electrons carried in the form, FADH2 and NADH+H, collectively contain enough free energy to rephosphorylate:",6 ATP.,5 ATP.,4 ATP.,3 ATP.,B,False,0.53959274,0.0802033,0.14076118,0.23944283
A muscle fibre relaxes when:,the nerve stimulus is removed.,the nerve stimulus is too forceful.,the actin binding sites are uncovered.,the actin binding sites are saturated.,A,True,0.99798584,0.000514493,0.0012438843,0.00025568932
Which of the following best describes the Golgi tendon organ?,Proprioceptive motor receptor found within main muscle body.,Proprioceptive sensory receptor found at the junction between muscle and tendon.,Proprioceptive sensory receptor found within main muscle body.,Proprioceptive motor receptor found at the junction between muscle and tendon.,B,True,0.0018433558,0.98519313,0.0026820668,0.010281414
The pulse can be palpated:,every time the atria contracts.,when a vein is close to the surface of the skin.,every time the left ventricle contracts.,when an artery is close to the surface of the skin.,D,True,0.0028607459,0.0014384732,0.008540609,0.9871602
The pyruvate dehydrogenase complex:,is located in the sarcoplasm.,catalyses the conversion of pyruvate to acetyl CoA.,catalyses the conversion of pyruvate to lactate.,catalyses the conversion of lactate to pyruvate.,B,True,0.0030741508,0.9965294,0.00030438212,9.210889e-05
Which of the following is true about the knee joint?,The knee is a ball and socket joint,A baker's cyst can sometimes be found anterior to the knee,The patellar tap is used to demonstrate an effusion,'knock knee' deformity is due to bilateral genu varum,C,True,0.0014653226,0.013060277,0.97464705,0.01082735
Who is the publication Your guide to the NHS written for?,GPs.,Patient lobby groups.,The general public.,Patients admitted to hospital.,C,True,0.08805906,0.024453117,0.809776,0.07771184
Which of the following is true about the assessment of arm reflexes?,"The root value of the biceps reflex is C5, C6",If no reflex is elicited when you tap a tendon it is documented as absent,The triceps tendon is struck in the antecubital fossa,Brisk finger jerks confirm a lower motor neurone lesion,A,True,0.8681578,0.038144194,0.024627741,0.069070205
Which of these is most likely to cause deviation of the trachea?,A left basal pneumonia,A small right pleural effusion,Previous tuberculosis of the right upper lobe,Idiopathic fibrosing alveolitis,C,False,0.6830114,0.017641632,0.28472152,0.014625426
What is the risk if water is used for bladder washout in secondary care?,Fluid may bypass when the washout is carried out.,Bladder washout may be unsuccessful.,Using water may cause electrolyte imbalance.,The medical staff may be unhappy.,C,True,0.029183473,0.0039495537,0.9664239,0.00044312765
What is the 'normal' range of flexion at the knee joint?,0-115 degrees.,0-135 degrees.,0-155 degrees.,0-175 degrees.,B,True,0.24231373,0.5812804,0.1380662,0.0383396
Which of the following is not a controlled drug?,A 30 milligram ampoule of Codeine Phosphate for injection.,A sustained release Morphine tablet.,A 12.5 microgram Fentanyl patch.,A 500 ml bottle of Morphine 10 mg in 5 ml in oral suspension.,D,False,0.5032802,0.05646648,0.048298337,0.39195502
After what period of time does maximal dynamic exercise become predominantly aerobic?,10 seconds,30 seconds,1 minute,4 minutes,C,False,0.0134479385,0.07984409,0.1491684,0.75753963
The trigger to initiate the contractile process in skeletal muscle is:,potassium binding to myosin.,calcium binding to tropomyosin.,ATP binding to the myosin cross bridges.,calcium binding to troponin.,D,True,0.0007312789,0.00016834997,0.0010640045,0.9980363
Which of the following is NOT a sign of phlebitis?,Swelling.,Redness.,Exudate.,Cool to the touch.,D,True,2.1781256e-05,2.5865878e-05,3.8227292e-05,0.99991417
The energy charge of the cell is:,the difference between the charge on the outside and inside of a cell.,generated by the sodium-potassium ATPase.,the overall rate of energy use by the cell.,the extent to which the total adenine nucleotide pool is phosphorylated.,D,True,7.139523e-05,0.00015352387,0.0001794876,0.9995956
The sarcoplasmic reticulum in muscle cells acts as a:,store of digestive enzymes.,store of sodium ions.,store of lipid.,store of calcium ions.,D,True,0.00018229488,0.00012726235,0.00020021177,0.99949026
Which of the following parameters are seen on typical neurological observation charts?,Urine output.,Temperature.,Central venous pressure.,Blood glucose.,B,True,0.02946607,0.8346307,0.022948198,0.11295498
"In the discharge checklist recommended by the Department of Health (2004), who should be involved in completing the form?","The GP, consultant, and named nurse.","The nurse, patient, and ward clerk.","The nurse, ward clerk, and consultant.","The nurse, consultant, and GP.",B,False,0.20378213,0.0114966,0.02757891,0.7571424
Which of the following is true regarding the complications of a large goitre?,It causes stridor due to compression of the oesophagus,Dysphagia is an indication for surgery,It causes hoarseness due to compression of the trachea,It causes a more florid thyrotoxicosis than a smaller goitre,B,True,0.17216782,0.3423966,0.18327169,0.30216393
The heart has:,two valves and two chambers.,four valves and four chambers.,two valves and four chambers.,four valves and two chambers.,B,False,0.014861363,0.0139609575,0.8114029,0.1597747
Which one of the following groups of patients should be assessed using an Early Warning Score (EWS)?,Only patients over 60 years of age.,Only patients admitted to the Emergency Department.,Only patients who have been on an Intensive care/High dependency unit.,Any patient who is acutely unwell pre-operatively or post-operatively and those who have undergone major surgery.,D,True,5.4751537e-05,6.813939e-05,8.219179e-05,0.9997949
What is the purpose of the cuff on a tracheostomy tube?,To create an air seal within the trachea and reduce the risk of aspirating saliva or gastric contents.,To reduce local oedema.,To assist with swallowing.,To allow the patient to talk.,A,True,0.9998423,8.316458e-05,3.9824943e-05,3.4735935e-05
What type of covalent bonds link the amino acids in a protein?,Peptide bonds,Hydrogen bonds,Ionic bonds,Glycosidic bonds,A,True,0.99987435,4.408361e-05,7.9358746e-05,2.1231162e-06
Which is the most reliable way to assess for clubbing?,Inspect the nail-bed angle from above,Assessing the fluctuancy of the nail-bed,Schamroth's sign,Inspect the nail-bed angle from the side,D,True,0.04404361,0.002334226,0.09620009,0.8574221
The term gene doping refers to:,the use of drugs to modify gene transcription.,the use of genetic manipulation techniques to enhance performance in sport.,the activation or inhibition of genes to mask drug taking by athletes.,the use of drugs to modify the myostatin gene.,B,True,0.00090898,0.9968176,0.00090898,0.0013645405
Name three of the five main uses of the hand.,"Touch, feel, stroke.","Grip, percussion, sensory.","Tap, slap, clap.","Touch, pinch, grasp.",B,False,0.013899517,0.010491906,0.0011771593,0.9744314
Which of the following is true about an abdominal mass?,A pulsatile mass is always due to an aortic aneurysm,An enlarged kidney is dull to percussion,A large mass arising out of the pelvis which disappears following urethral catheterization is caused by an ovarian cyst,An indentible mass is caused by faecal loading of the colon,D,True,0.009647088,0.06290691,0.0030355908,0.92441034
Which of the following is not a category used to classify patients according to the Glasgow Coma Scale?,Eye opening.,Verbal response.,Best motor response.,Pupil response.,D,True,7.365489e-05,0.00026524146,0.00015592741,0.99950516
Which of these combinations of clinical features is most suggestive of mixed mitral valve disease with a predominance of mitral regurgitation?,Displaced apex beat; soft first heart sound; pan-systolic murmur; short mid-diastolic murmur,"Irregularly, irregular pulse; displaced apex beat; ejection systolic murmur; short mid-diastolic murmur",Displaced apex beat; normal first heart sound; pan-systolic murmur; long mid-diastolic murmur,Tapping apex beat; loud first heart sound; pan-systolic murmur; long mid-diastolic murmur,A,False,0.3177948,0.0058206143,0.6320104,0.044374097
"Prior to undergoing a painful procedure, a patient should be informed about what to expect and how their pain will be controlled, as this is associated with:",a reduction in anxiety and perceived pain intensity.,an increased use of analgesia.,a decrease in the frequency of pain-related problems such as nausea and vomiting.,an increased urine output.,A,True,0.99629587,0.0010704796,0.0025084605,0.00012513305
The conversion of one molecule of glucose to two molecules of pyruvate results in the net formation of:,six molecules of water.,two molecules of ATP.,three molecules of ATP.,thirty-eight molecules of ATP.,B,False,0.070594765,0.43244538,0.4603357,0.03662408
The net production of ATP via substrate-level phosphorylation in glycolysis is:,2 from glucose and 3 from glycogen.,2 from glucose and 4 from glycogen.,3 from glucose and 4 from glycogen.,3 from glucose and 2 from glycogen.,A,False,0.07872281,0.41247803,0.26631585,0.24248332
Which of the following is true about rectal bleeding?,A painful digital examination suggests an anal fissure,Bright red blood on the finger usually signifies a caecal lesion,Proctoscopy is of no value in the assessment of rectal bleeding,Rectal cancer is the commonest cause of rectal bleeding,A,True,0.71015066,0.26124984,0.0057717604,0.022827758
Mutations are errors in DNA that:,are always harmful.,only occur in the presence of carcinogens.,increase tumour growth.,occur spontaneously at a low rate.,D,True,0.00010553153,5.0634582e-05,9.459785e-05,0.99974924
"When recording peak flow results, within how many litres/minute should the three readings be?",10 litres per minute of each other.,20 litres per minute of each other.,100 litres per minute of each other.,30 litres per minute of each other.,B,True,0.20677248,0.5117668,0.0075316867,0.27392903
Peak flow meters record:,the lowest rate of air expelled from the lungs through an open mouth.,forced expiratory volume.,forced vital capacity.,the highest rate of air expelled from the lungs through an open mouth.,D,False,0.5789143,0.018036624,0.0051675793,0.3978816
Which of the following should patients remember when taking paracetamol?,It can interfere with the effectiveness of other drugs such as Warfarin.,It should only be given on an 'as required' basis.,"Patients should carefully check the contents of over-the-counter cold remedies in order to prevent accidental overdose, as such preparations often contain additional paracetamol.",It is contraindicated in patients with pyrexia.,C,True,0.003068,0.0013195303,0.99453557,0.0010769692
Which of the following molecules does not form part of DNA?,Purine,Pyrimidine,Deoxyribose,Amino acid,D,True,0.00036787117,0.00055224,0.00060651696,0.99847335
Which of the following is true about jaundice?,Pale stools and dark urine are characteristic of the jaundice of haemalytic anaemia,Bilirubin is used by the liver in the synthesis of red blood cells,Itching may be a sign of obstructive jaundice,Putting a danger of infection sticker on blood samples from an intravenous drug user with jaundice is optional,C,True,0.0030624282,0.0026194337,0.99272937,0.0015887667
Which of the following nucleotide bases is not found in RNA?,Thymine,Adenine,Uracil,Guanine,A,True,0.99984527,3.2440847e-05,2.7965758e-05,9.42381e-05
Bronchial breathing is characterized by,Inspiratory component louder and longer with a gap between expiration and inspiration,Expiratory component louder and longer with a gap between inspiration and expiration,Inspiratory component louder and longer with a gap between inspiration and expiration,Expiratory component louder and longer with a gap between expiration and inspiration,B,True,0.2638858,0.31830704,0.28090498,0.13690215
Which of the following drugs is most commonly responsible for patients who present with acute confusion?,Heroin (opiates).,Ecstasy.,Alcohol.,Cannabis.,C,True,0.108965844,0.016710453,0.8570827,0.0172409
The frontal lobe of the brain's cortex is responsible for which of the following?,The sleep/wake cycle.,The ability to draw shapes.,Understanding others' speech.,Visual perception.,B,False,0.0068335882,0.0041447813,0.982991,0.0060306205
The carpal bones are the small bones of the wrist - name them.,"Scaphoid, lunate, triquetral, pisiform, trapezium, trapezoid, capitate, hamate.","Scaphoid, lunar, triquetrium, pisiform, radius, ulna, capitates.","Scaphoid, proximal phalynx, humerus, hamate, capitate.","Scaphoid, radius, ulna, cunniform, trapezius.",A,True,0.99987173,4.399748e-05,4.5394107e-05,3.882764e-05
The process of translation requires the presence of:,"mRNA, tRNA and ribosomes.","mRNA, ribosomes and RNA polymerase.","DNA, mRNA and RNA polymerase.","chromatin, DNA and amino acids.",A,True,0.999798,2.953633e-05,0.00016218636,1.0207482e-05
What is 'coring'?,A symptom of phlebitis.,Titration of a drug with its desired effect.,The delivery of medication straight into the bloodstream.,"When drugs are withdrawn from a sealed vial, fragments of the rubber bung can be cut out by the needle.",D,True,0.002042529,0.0015417818,0.0024637606,0.99395186
What must you ensure before a speaking valve is used?,That the patient is able to swallow properly.,It is seven days after the tracheostomy tube was first inserted.,The cuff is deflated.,The cuff is inflated.,C,False,0.03902034,0.06433366,0.062354323,0.83429164
Which one of the following statements is true with regard to intravenous drug administration?,IV administration of a drug will delay its action.,IV administration carries low risk of bacteraemia.,IV administration allows titration of a drug with its desired effect.,An intravenous cannula should never be used for both drug and fluid administration.,C,True,0.011965154,0.0015211987,0.9806824,0.0058313506
Which of the following factors can affect enzyme activity?,Temperature.,pH.,The presence of certain metal ions.,All of the above.,D,True,5.7824258e-05,0.00014423889,8.7485314e-05,0.9997104
"For very high force contractions lasting 1-2 seconds, the initial energy source is from:",Glycolysis.,creatine phosphorylation.,phosphocreatine stores.,ATP stores.,D,False,0.013179552,0.041884527,0.61548865,0.32944736
A change in blood pressure is detected by the:,baroreceptors.,chemoreceptors.,vasomotor centre.,cardiovascular centre.,A,True,0.9997904,0.00011081687,7.801701e-05,2.0781246e-05
Blood clots are responsible for repeatedly blocking a catheter. What should you do?,Call for help.,Inform medical staff.,Inform the patient.,Remove the catheter and recatheterize.,B,False,0.006262083,0.002452267,0.001970452,0.98931515
What is the pH of water?,3.5,7,12,6.25,B,True,0.00030048096,0.99924916,0.00017664365,0.00027359102
How long can a cannula remain in situ?,24 hours.,36 hours.,48 hours.,96 hours.,D,False,0.43899143,0.33136812,0.18880787,0.040832564
Metabolism is determined by the:,size of proteins in the cell.,availability of amino acids.,proteins formed as dictated by the genetic material.,amino acid composition of the ribonucleic acids.,C,True,0.0039251763,0.0019737028,0.99094725,0.003153968
How many chromosomes do all human somatic cells contain?,3,20,23,46,D,True,0.00066057086,0.0006303211,0.008566413,0.9901427
Under what circumstances would you use antibiotics prior to catheterization?,If the patient has had a catheter in situ for a week.,If the patient does not have urinary tract infection.,If patient has an artificial heart valve.,If the patient requests them.,C,True,0.02289343,0.0034028045,0.9734534,0.00025038014
Which of these features suggest that a pulsation in the neck is arterial?,A waggling earlobe,Positive for hepatojugular reflux,No variation with posture,Pressure in the root of the neck reduces the impulse,C,False,0.0021092289,0.00043526397,0.0026249778,0.99483055
The rate limiting enzyme of glycolysis is:,phosphorylase.,hexokinase.,pyruvate dehydrogenase.,phosphofructokinase.,D,True,0.00023767223,0.00030517718,0.00032485943,0.99913234
Which of the following is true about haemorrhoids?,Bleeding haemorrhoids lead to melaena per rectum (PR),Pregnancy is a predisposing factor in causing haemorrhoids,Bleeding from first degree haemorrhoids is associated with pain,Second degree haemorrhoids cannot be returned to the anal canal,B,True,0.018269567,0.96679515,0.0057487744,0.009186515
Selective Androgen Receptor Modulators (SARMs) are:,steroid drugs that act on androgen receptors mimicking the effects of natural steroid hormones.,steroid drugs that act on androgen receptors antagonising the effects of natural steroid hormones.,non-steroid drugs that act on androgen receptors mimicking the effects of natural steroid hormones.,non-steroid drugs that act on androgen receptors inhibiting the effects of natural steroid hormones.,C,False,0.778598,0.002637931,0.20955682,0.009207284
"The -oxidation of a molecule of palmitic acid, CH3(CH2)14CO2H:",yields 8 molecules of acetyl-CoA and some ATP and water.,yields 16 molecules of acetyl-CoA only.,yields carbon dioxide and water only.,does not involve oxygen.,A,True,0.9977069,0.0006814019,0.00087493734,0.00073677115
Which products of ADP degradation increase in concentration in the blood during multiple sprint sports?,"Ammonia, hypoxanthine and uric acid.","Ammonia, urea and uric acid.","Ammonia, urea and creatinine.","Ammonia, urea and creatine.",A,False,0.37745014,0.5159131,0.065591,0.041045792
The optimum position for performing CPR is to position the patient:,in a semi-recumbent posture.,tilted to the left to keep the heart perfused.,flat on a firm surface.,on the floor with the legs raised.,C,True,0.014466442,0.0021502448,0.982973,0.00041038138
The complete resynthesis of phosphocreatine after very high intensity exercise normally takes:,about 10 seconds.,about 30 seconds.,about 1 minute.,about 4 minutes.,D,True,0.14141172,0.21228415,0.13706094,0.5092432
What type of joint is the elbow?,Ball and socket joint.,Fused joint.,Synovial hinge joint.,Plain joint.,C,True,0.0007095027,0.00012921005,0.99905425,0.00010711889
A hypertonic solution is:,a solution that has a higher concentration of solutes than the normal human cell.,a solution that blocks off enteral tubes easily.,a solution that has a lower concentration of solutes than the normal human cell.,a solution with a high fibre content.,A,True,0.99733883,0.00021601457,0.0023223753,0.00012284124
Which of these is not necessary when examining the jugular venous pulse?,Patient's neck muscles should be relaxed,Timing the pulsation with the radial pulse,Good lighting,Patient lying at 45 degree angle,B,True,0.1467395,0.700055,0.104053885,0.049151577
The maximum sustainable power:,usually remains constant during a race.,declines with the distance of the race.,is improved by a high fat diet.,is inversely related to muscle glycogen content.,B,False,0.017938633,0.33847716,0.011225709,0.63235855
Fast-twitch fibres contain:,a relatively large number of mitochondria and low ATPase activity.,a relatively small number of mitochondria and low ATPase activity.,a relatively small number of mitochondria and high ATPase activity.,a relatively large number of mitochondria and high ATPase activity.,C,False,0.005661439,0.7186886,0.26439077,0.011259116
The rate of blood lactate accumulation is determined by:,the rate of muscle lactate production and the rate of muscle lactate efflux.,the rate of anaerobic glycolysis.,the rate of muscle glucose uptake.,the difference between the rate of lactate appearance and the rate of lactate clearance.,D,False,0.5667538,0.035116635,0.008605702,0.38952383
The enzymes of glycolysis are located in the:,mitochondrion.,nucleus.,cytoplasm.,lysosomes.,C,True,0.00044421028,1.682491e-05,0.9995376,1.4417091e-06
"The energy released from the breakdown of the high-energy phosphates, ATP and phosphocreatine, can sustain maximal exertion exercise for about:",1-2 seconds.,5-10 seconds.,30-40 seconds.,50-60 seconds.,B,True,0.05021513,0.671871,0.23219241,0.045721397
Prosthetic groups are:,required by all enzymes in the cell.,loosely bound to enzymes via hydrogen bonds.,sites on the enzyme molecule that permit allosteric modification of enzyme activity.,tightly bound to enzymes and are required for their activity.,D,True,0.0005521213,0.00045772464,0.0007314419,0.99825877
Which of the following is true in peripheral neuropathy?,Sensory loss is demonstrated in a stocking distribution,The tone is increased bilaterally in the legs,Reflexes are very brisk with reinforcement,Weakness is more marked proximally than distally,A,True,0.9848504,0.0016389443,0.002222738,0.011287995
Which of the following is true about involuntary movements in the arm?,Alcohol makes the tremor of benign essential tremor worse,Hemiballismus is due to a stroke causing paralysis of the distal half of the arm,A 'milkmaid' grip is sometimes found in dystonia,Writer's cramp is an example of a focal dystonia,D,True,0.0011654993,0.00063367106,0.0027958876,0.99540496
Which of these options is not recognized as a cause of chronic cough?,Gastro-oesophageal reflux disease,Angiotensin Converting Enzyme (ACE) inhibitors,Long-term smoking,Sodium valproate,D,True,7.956175e-05,0.0007091262,0.00068730867,0.998524
Which of the following is recommended for cleaning the mouth?,Hydrogen peroxide.,Water.,Lemon and glycerine swabs.,Normal saline.,B,True,0.06279936,0.7893382,0.014916155,0.13294624
As a general principle what is the best approach to the use of analgesic drugs following surgery?,Give drugs only 'as required'.,Give drugs regularly with provision for additional 'as required' pain relief for breakthrough pain.,Use long-acting drugs twice daily.,Give only when pain scores are high.,B,True,0.0015002155,0.99785584,0.00036194382,0.00028188215
Which of the following best describes nociceptive pain?,"Pain resulting from actual or potential tissue damage, which causes the release of chemical mediators that stimulate nerve fibres to initiate pain signals to the brain.",Pain resulting from pressure upon a nerve or group of nerves.,A disorder of a specific nerve or group of nerves resulting in the release of abnormal pain signals.,"Pain resulting from a disorder of the central nervous system, i.e. following a cerebral vascular accident.",A,True,0.9998559,4.5216413e-05,7.736771e-05,2.161049e-05
Complete the following: A variation of serial peak flow readings over a two week period are considered diagnostic in . . .,. . . asthma.,. . . COPD.,. . . pneumonia.,. . . tuberculosis.,A,True,0.9809713,0.017967116,0.0009979203,6.3670435e-05
Under which circumstances would you not use a catheter valve?,If the patient is post-operative.,If the patient chooses it.,If the patient has bladder sensation.,If urine does not need to be measured.,A,False,0.15081555,0.020410664,0.06286927,0.76590455
Which of the following is true of Paget's Disease?,Bowing of a long bone is a characteristic feature,Spinal cord compression is a common complication,Heart failure is not a recognized complication,Pathological fractures are not a feature,A,True,0.757148,0.16894257,0.025506511,0.048402853
Your first action following confirmation of cardiac arrest is to:,ensure the emergency team/services are called.,give two rescue breaths.,give 30 chest compressions.,check the notes to see if the patient has a DNAR order.,A,True,0.5895435,0.3806379,0.026724976,0.0030936406
What is an urgent reason for catheterizing a patient?,Acute urinary retention.,Urinary tract infection.,Incontinence.,Because they asked.,A,True,0.9990011,0.00049528637,0.00044397186,5.961747e-05
Which of the following is true?,Increasing the protein intake above 3 grams per kg body mass per day will stimulate muscle growth and increase strength.,Creatine supplements can increase muscle strength and power.,Amino acid supplements can increase muscle strength and power.,Muscle damage is induced by shortening contractions.,B,True,0.0063281385,0.96899176,0.009499661,0.015180415
"Who has legal responsibility for a patient's care during hospital admission, stay, and discharge?",The named nurse.,The named consultant.,The ward manager.,The GP.,B,True,0.20444757,0.7837276,0.0074470015,0.0043778666
Endurance training increases the muscle's capacity to:,contract faster.,break down phosphocreatine.,burn fat and carbohydrate.,generate energy anaerobically.,C,True,0.007673207,0.013052565,0.60955834,0.36971584
An action potential arriving at the motor endplate causes release of:,acetylcholine which traverses the neuromuscular junction.,sodium ions which binds to sodium receptors on the muscle membrane.,calcium ions which initiate an action potential along the muscle fibre.,noradrenaline which increases muscle metabolic activity.,A,True,0.9996636,0.00011957265,0.00019107654,2.580894e-05
Your patient has diabetes. Why is this important?,These patients are more likely to bleed.,These patients are more likely to get urinary tract infections if their blood sugar is unstable.,These patients are more likely to have clear urine.,These patients are less likely to have catheter encrustation.,B,True,0.0012217134,0.99563354,0.00075267575,0.0023919987
What is meant by the term 'passive movements'?,"Movement with resistance, stretching at end of range.","Movement without resistance, stretching at end of range.","Movement with resistance, stopping at end of range.","Movement without resistance, stopping at end of range.",D,False,0.5755704,0.2718802,0.0070224456,0.14552699
What is a tracheostomy?,An opening in the anterior wall of the trachea above the cricoid cartilage.,An opening in the anterior wall of the trachea below the cricoid cartilage.,An opening in the anterior chest wall.,An opening in the posterior wall of the trachea below the cricoid cartilage.,B,False,0.52958894,0.4673606,0.0019099959,0.0011405107
Which of the following is true of haematemesis?,A low blood pressure (<90mmHg systolic) and a tachycardia (>100/min) are worrying features,A pulse rate of 80/min in a patient taking Bisoprolol is reassuring,Abdominal pain is always present,An alcohol history is not essential,A,False,0.34540498,0.045307267,0.0030831983,0.60620457
Which of the following is true of rheumatoid arthritis?,Rheumatoid factor is present in 25% of rheumatoid cases,It is an example of an oligoarthropathy,Anaemia is a common finding,Heberden's nodes are a feature,C,True,0.09183315,0.014530114,0.84448195,0.049154744
Why should careful consideration be given to providing people aged over 65 with information sources that are internet based?,They may have difficulty reading the screen.,Less than 30% of people over 65 years have access to the internet.,The internet is aimed at younger people.,They may not be able to type.,B,False,0.46380237,0.40930414,0.009625911,0.1172676
Which of the following is true about the carpal tunnel syndrome?,It can be caused by rheumatoid arthritis,It is caused by compression of the ulna nerve,It causes pain and tingling in the medial three and half digits,Paraesthesia is worse during the day,A,True,0.9020246,0.006887043,0.017045595,0.07404269
How many CO2 and ATP molecules are formed during one complete turn of the tricarboxylic acid cycle (Krebs' cycle)?,2CO2 and 2ATP,2CO2 and 16ATP,2CO2 and 12ATP,2CO2 and 1ATP,D,False,0.018894454,0.66605246,0.295559,0.019494228
"Which potential complication of IV therapy is described thus: 'Leakage of vesicant (irritant) medication or fluid into surrounding tissues, causing tissue damage'?",Extravasation.,Phlebitis.,Inflammation.,Infiltration.,A,True,0.9847031,0.0005797491,0.00022526624,0.0144919045
Which of the following is present in saliva and has an antibacterial action?,Lysozyme.,Amylase.,Sodium chloride.,Mucus.,A,True,0.9998098,5.9201408e-05,0.00012147341,9.514532e-06
The genome is:,the number of chromosomes found in the somatic cells of an organism.,the entire DNA sequence of an organism.,the entire list of proteins that an organism is capable of producing.,the DNA sequence of an entire chromosome.,B,True,0.0008556353,0.99883443,0.0001658725,0.00014411252
Alterations in which neurotransmitters in the brain by pharmacological agents has been shown to influence fatigue development?,Acetyl choline and noradrenaline.,Dopamine and acetyl choline.,Glutamate and serotonin.,Dopamine and serotonin.,D,True,0.1729676,0.0094579365,0.04238753,0.77518696
In all-out exercise such as sprinting the first fibre types to fatigue are the:,Type I fibres.,Type Ia fibres.,Type IIa fibres.,Type IIX fibres.,D,True,0.001450974,0.0011658905,0.0016441691,0.995739
The main fate of lactate that leaves muscle and enters the circulation is:,conversion to urea in the liver.,conversion to glucose in the heart.,excretion via the kidneys.,uptake and oxidation by other tissues.,D,True,0.00031483086,0.000107115804,0.00055254536,0.99902546
The most rapid method to resynthesize ATP during exercise is through:,glycolysis.,phosphocreatine breakdown.,tricarboxylic acid cycle (Krebs' cycle).,glycogenolysis.,B,True,0.0013244608,0.99825174,0.00025277777,0.000171038
Which of the following is true in a sensory assessment of the arm?,It is acceptable to test pain with a venepuncture needle,Proprioception is appreciated via the same tracts as light touch,It is best to test vibration sense with a 256 Hz tuning fork,Impulses for pain travel principally up the dorsal columns,B,True,0.2567567,0.4949115,0.021744894,0.22658698
The blood glucose concentration during 80-90 minutes of intermittent high intensity exercise:,frequently rises by 1 - 3 mM.,remains relatively unchanged.,frequently falls by 1 - 3 mM.,falls to hypoglycaemic levels.,A,True,0.94372505,0.013888829,0.04018866,0.0021975318
One of the most common reasons for stoma formation is:,irritable bowel syndrome.,haemorrhoids.,carcinoma.,bladder instability.,C,True,0.0026267134,0.001280158,0.99548835,0.00060470373
A surgical support can be used for:,prolapsed stomas.,high output stomas.,herniation around the stoma.,retraction of the stoma.,C,False,0.11302131,0.029483367,0.07297204,0.7845233
What size of catheter bag may be used at night?,350ml.,500ml.,1L.,2L.,D,False,0.35114172,0.30988148,0.15102418,0.18795262
Anaerobic metabolism refers to the generation of ATP:,without the involvement of ADP.,without the use of glycogen.,without the use of oxygen.,in the absence of available oxygen.,C,False,0.00017407264,0.00016871699,0.01495196,0.9847053
Approximately how many kJ of energy are expended if an athlete's steady-rate oxygen uptake averages 3.0 l/min for 5 minutes of exercise?,60 kJ,150 kJ,300 kJ,500 kJ,C,False,0.10997795,0.5945352,0.23282331,0.06266355
A patient has been on the operating table for four hours. How long may it take for any pressure damage to be visible?,12 hours.,72 hours.,24 hours.,5 days.,B,False,0.20428362,0.24641308,0.5216565,0.027646782
Eccrine and apocrine glands are both types of:,sweat glands.,salivary glands.,chemoreceptors.,tear ducts.,A,True,0.9999099,4.702017e-05,3.7855632e-05,5.2140554e-06
Which of the following is true of the assessment of power in the arms?,Grade 3/5 (MRC scale) represents movement of the arm only when gravity is eliminated,Flexion at the elbow is produced by the triceps muscle,The root value of shoulder abduction is C5,Grade 1/5 power represents no movement or muscle contraction,C,False,0.1078154,0.019330235,0.024820514,0.8480338
"Two of the following are evident - pain at IV site, erythema, and swelling. What stage on the phlebitis scale is this and what should you do?",Stage 1 - observe cannula.,Stage 2 - re-site cannula.,Stage 3 - re-site cannula and consider treatment.,Stage 0 - do nothing.,B,False,0.28982657,0.32841653,0.3721447,0.009612196
Which hormone is primarily responsible for fluid regulation?,Antidiuretic hormone.,Insulin.,Adrenaline.,Testosterone.,A,True,0.99976844,8.809052e-05,0.00012867259,1.4735786e-05
The low intake of carbohydrate in the diet:,does not influence exercise performance in events lasting less than 10 minutes.,affects the resting muscle pH.,may impair high intensity exercise performance.,results in greater reliance on muscle glycogen during exercise.,C,True,0.15450625,0.060505517,0.63048196,0.15450625
Phophocreatine resynthesis during recovery from exercise is inhibited by:,an excess of creatine.,hyperventilation.,an excess of oxygen.,a lack of oxygen.,D,True,0.027352093,0.07206316,0.02267568,0.87790906
The transcription of DNA to a molecule of messenger RNA occurs:,on the ribosomes.,in the cytosol.,in the nucleus.,only during cell division.,C,True,0.0014544969,0.00024497724,0.9981565,0.0001440147
Oedema is the presence of:,excessive intravascular fluid.,excessive extravascular fluid.,excessive intracranial fluid.,excessive necrotic cells.,B,True,0.0062890747,0.9935794,0.0001188449,1.2723418e-05
Why should the short-acting bronchodilator be taken first?,"It works to dilate the airways quickly, allowing better deposition of other medications.",They are colour-coded.,It is warmer than the others.,It is less moist than the others.,A,True,0.99938214,4.537188e-05,0.00046545596,0.00010694497
Which of the following is true about an intention tremor?,It is worse at rest,It is caused by Parkinson's Disease,It is indicative of a cerebellar lesion,Dyscalculia is a common association,C,True,0.0018001545,0.0006622398,0.9926443,0.0048933267
Glucose is transported into the muscle cell:,via protein transporters called GLUT4.,only in the presence of insulin.,via hexokinase.,via monocarbylic acid transporters.,A,True,0.9979704,0.00024685258,0.0013661186,0.00041664267
Oxygen is used:,in glycolysis.,in the conversion of fatty acids to acetyl CoA.,in the tricarboxylic acid cycle (Krebs' cycle).,in glycogenolysis.,B,False,0.015675059,0.040027663,0.9399445,0.0043528066
Measuring the blood pressure in an arm that is above the level of the heart will:,accurately estimate the blood pressure.,overestimate the blood pressure.,cause an auscultatory gap.,underestimate the blood pressure.,D,True,0.0034239034,0.100061126,0.004679921,0.8918351
When you are taking a musculoskeletal history which of the following is true?,Drugs may be implicated in the causation of gout,A history of diarrhoea is not relevant,Difficulty rising from a chair is diagnostic of polymyalgic rheumatica,Joint stiffness of 5 minutes duration suggests an arthropathy,A,True,0.9025366,0.0047360775,0.011361259,0.081366144
Why are male patients advised to take their own electric razor to hospital?,For patient comfort.,To make hospital as familiar as possible.,To minimize risk of cross-infection.,To allow shaving at a time convenient to the patient.,C,True,0.022330321,0.01122839,0.83793914,0.12850213
Which organ secretes insulin?,The gastric parietal cells.,The pancreas.,The walls of the large intestine.,The autonomic nervous system.,B,True,0.00014766604,0.9997552,9.3131806e-05,3.9971364e-06
"When teaching a patient inhaler technique, how will you ensure that a large proportion of the drug reaches the lower airways?","Ask them to take lots of small, quick breaths in before using the inhaler.",Ask them to breathe normally when using the inhaler.,Ask them to perform the procedure as quickly as they can.,Ask them to hold their breath at the end of the inspiration on using the inhaler.,D,True,0.031392384,0.019644855,0.002420721,0.9465421
Why should a patient stand or sit as upright as possible when recording a peak flow rate?,To ensure best lung expansion and accuracy and consistency of readings.,This is the most comfortable position to perform any breathing test.,The counter on the meter will not move if the patient is lying down.,To ensure that their technique can be observed easily.,A,True,0.9984444,0.00010810407,0.0012640533,0.00018353241
Why might a patient need a tracheostomy?,To repair vocal cords after paralysis.,To aid swallowing.,As an aid to weaning patients from a ventilator.,Prior to neck surgery.,C,True,0.001365242,0.00080258434,0.99732995,0.00050224445
"In general, the higher the intensity of exercise, the greater the proportional contribution of:",aerobic energy production.,anaerobic energy production.,the TCA cycle (Krebs' cycle) to the production of ATP.,the electron transfer chain to the production of ATP.,B,True,0.0032688077,0.99543047,0.00069596927,0.0006046686
What is the second commonest hospital acquired infection?,Urinary infection.,Wound infection.,Upper respiratory tract infection.,Ventilator-associated pneumonia.,D,False,0.90613544,0.012142221,0.002545148,0.07917723
Phosphocreatine in the muscle cell is found in:,the mitochondria.,all subcellular compartments.,the sarcolemma.,the cytoplasm.,D,True,0.0012406618,0.0014965239,0.0018624541,0.99540037
The patient's self-report of pain is important because health care staff:,can overestimate the intensity of the patient's pain.,underestimate the intensity of the patient's pain.,do not possess an objective way of assessing pain.,can use the information to prescribe and administer the least possible amount of pain relief.,C,False,0.007822492,0.004058256,0.025648965,0.9624703
